<?xml version="1.0" encoding="utf-8" ?>
<!DOCTYPE mapper PUBLIC "-//mybatis.org//DTD Mapper 3.0//EN" "http://mybatis.org/dtd/mybatis-3-mapper.dtd" >
<mapper namespace="cn.lczze.ams.dao.AmsBuyDao">


    <resultMap id="AmsBuyFindAMap" type="cn.lczze.ams.entity.AmsBuy">

        <id property="id" column="id"></id>
        <result property="typeId" column="typeId"></result>
        <result property="supplierId" column="supplierId"></result>
        <result property="brandId" column="brandId"></result>
        <association property="typeList" javaType="int"
                     select="cn.lczze.ams.dao.ATypeDao.findById" column="typeId">
        </association>
        <association property="supplierList" javaType="int"
                     select="cn.lczze.ams.dao.SupplierDao.findById" column="supplierId">
        </association>
        <association property="brandList" javaType="int"
                     select="cn.lczze.ams.dao.BrandDao.findById" column="brandId">
        </association>
    </resultMap>



    <select id="findAll" resultMap="AmsBuyFindAMap">
        select * from amsbuy  order by id desc

    </select>

    <select id="findAllByS" resultMap="AmsBuyFindAMap">
         select *
         from amsbuy a,atype t,supplier s,brand b
         where a.typeId = t.id and a.supplierId = s.id  and a.brandId = b.id
         and a.amsName like concat("%",#{amsName},"%")  and t.typeName like concat("%",#{typeName},"%")
         and s.supplierName like concat("%",#{supplierName},"%") and b.brandName like concat("%",#{branName},"%")
         and a.buyReason like concat("%",#{buyReason},"%") order by a.id desc
    </select>


    <insert id="createAmsBuy">
        insert into amsbuy (amsName,typeId,supplierId,brandId,buyReason,budget) values  (#{amsName},#{typeId},#{supplierId},#{brandId},#{buyReason},#{budget})
    </insert>

    <delete id="deleteById">
        delete from amsbuy where id = #{id};
    </delete>

    <update id="chengeStatusById">
        update amsbuy set resultStatus = #{status} where id = #{id}
    </update>
</mapper>