<?xml version="1.0" encoding="utf-8" ?>
<!DOCTYPE mapper PUBLIC "-//mybatis.org//DTD Mapper 3.0//EN" "http://mybatis.org/dtd/mybatis-3-mapper.dtd" >
<mapper namespace="cn.lczze.ams.dao.ATypeDao">



    <select id="findAll" resultType="cn.lczze.ams.entity.AType">
        select * from atype
    </select>

    <!--查出正常的 typeName-->
    <select id="findAllByStatus" resultType="cn.lczze.ams.entity.AType">
        select * from atype where typeStatus = 1
    </select>

    <!--迷糊查询带状态-->
    <select id="searchList" parameterType="cn.lczze.ams.entity.AType"  resultType="cn.lczze.ams.entity.AType">
        <bind name="pattern" value="'%' + typeName + '%'" />
        <bind name="ptn" value="'%' + typeCode + '%'" />
        <bind name="status" value="'%' + typeStatus + '%'" />
        select * from amsdb.atype b
        <where>
            <if test="true">
                1 = 1
            </if>
            <if test="typeCode != null">
                and b.typeCode like #{ptn}
            </if>
            <if test="typeName != null">
                and b.typeName like #{pattern}
            </if>
            <if test="typeStatus != null">
                and b.typeStatus like #{status}
            </if>
        </where>
    </select>

    <!--模糊 查出全部状态-->
    <select id="searchNoSta" parameterType="cn.lczze.ams.entity.AType"  resultType="cn.lczze.ams.entity.AType">
        <bind name="pattern" value="'%' + typeName + '%'" />
        <bind name="ptn" value="'%' + typeCode + '%'" />
        select * from amsdb.atype b
        <where>
            <if test="true">
                1 = 1
            </if>
            <if test="typeCode != null">
                and b.typeCode like #{ptn}
            </if>
            <if test="typeName != null">
                and b.typeName like #{pattern}
            </if>
        </where>
    </select>

    <!--添加类别-->
    <insert id="creatType">
        insert into atype(typeCode,typeName) values (#{typeCode},#{typeName});
    </insert>

    <!--    ye资产借还多表查询-->
    <select id="findById" resultType="cn.lczze.ams.entity.AType">
        select * from atype where id = #{id};
    </select>

    <update id="updateAtypeById">
        update atype set typeName = #{typeName}, typeCode = #{typeCode} where id = #{id};
    </update>

    <update id="changeStu">
        update atype set typeStatus = #{Stu}  where id = #{id}
    </update>



    <!--模糊查询-->
    <select id="findByS" resultType="cn.lczze.ams.entity.AType" parameterType="cn.lczze.ams.entity.AType">
        select * from atype where id = #{id} and typeName like concat("%",#{typeName},"%")
    </select>
</mapper>