<?xml version="1.0" encoding="utf-8" ?>
<!DOCTYPE mapper PUBLIC "-//mybatis.org//DTD Mapper 3.0//EN" "http://mybatis.org/dtd/mybatis-3-mapper.dtd" >
<mapper namespace="cn.lczze.ams.dao.UserInfoDao">


    <!--查询用户名和密码-->
    <select id="findByUsernameAndPassword" resultType="cn.lczze.ams.entity.UserInfo">
        select * from userinfo where username = #{username} and password = #{password};
    </select>


    <select id="findUsername" resultType="string">
        select username from userinfo where  username = #{username};
    </select>

    <select id="findPasswordByUsername" resultType="string">
        select password from userinfo where  username = #{username};
    </select>


    <resultMap id="baseRole" type="cn.lczze.ams.entity.UserInfo">
        <id property="id" column="id"></id>
        <result property="roleId" column="roleId"></result>
        <association property="roleList" javaType="int"
                     select="cn.lczze.ams.dao.AmsBadDao.findRoleById" column="roleId">
        </association>
    </resultMap>

    <select id="findUserRole" resultMap="baseRole">
        select *  from userinfo where username = #{username};
    </select>


    <update id="updateAvatar" >
         update userinfo set avatar = #{avatar} where id =#{userId}
    </update>
    <update id="updateUser">
         update userinfo set nickName= #{nickName},email = #{email},phoneNum = #{phoneNum},sign = #{sign} where id =#{userId}
    </update>


    <select id="findRole" resultMap="baseRole">
         select *  from userinfo
    </select>



</mapper>